operating_cost_basis,annual_savings_usd,termination_cost_usd,npv_substitution_usd,premium_pct_of_200M_EV
Brazil (CLT),1702800.0,349650.0,5713285.771985978,2.856642885992989
France (CDI),3022200.0,1275750.0000000002,9484999.641822893,4.742499820911447
United States (W-2),6043500.0,495000.0,21182956.589623757,10.591478294811878
