scenario,vc_method,comparable_multiples,damodaran_classical,damodaran_inverted
adas_regulated,457.99270991201223,2112.189465674781,4625.98875905994,4625.98875905994
future_2030,74.07700312753586,174.30170681902928,425.3309378652397,425.3309378652397
post_genai_2026,82.3804793349746,193.83962026560846,480.2038086846441,515.6334799351574
pre_genai_2019,3.500133496935731,8.235744115619834,20.096858674778538,20.228807746885668
